{
    "name": "RingOscillatorNoiseSource",
    "version": "0.4.0",
    "keywords": "RingOscillatorNoiseSource",
    "description": "Ring oscillator noise source for the Arduino Cryptography Library",
    "authors":
    {
        "name": "Rhys Weatherley",
        "email": "rhys.weatherley@gmail.com",
        "url": "https://rweather.github.io/arduinolibs/crypto.html"
    },
    "export": {
      "include": "libraries/RingOscillatorNoiseSource"
    },
    "repository":
    {
        "type": "git",
        "url": "https://github.com/rweather/arduinolibs.git"
    },
    "frameworks": "arduino",
    "platforms": "*"
}
